id,titlu,valoare,data,tip,firma,cui,ofertanti
achizitie-directa-2025-2637,Publicatii periodice (Rev.2),66000.0,2025-01-08,Achizitie directa,ASOCIATIA CENTRUL ROMAN PENTRU INITIATIVA SOCIALA,26181156,1
achizitie-directa-2025-6697,Servicii de furnizare de date (Rev.2),5400.0,2025-01-08,Achizitie directa,COMPANY DATA SRL,24782214,1
achizitie-directa-2025-7219,Servicii de promovare (Rev.2),120000.0,2025-01-08,Achizitie directa,INDOOR MEDIA GROUP,18436062,1
achizitie-directa-2025-12448,Servicii de reparare si intretinere (Rev.2),135000.0,2025-01-09,Achizitie directa,ADLO PROCARS SRL,29496361,1
achizitie-directa-2025-23576,Servicii de intretinere a ascensoarelor (Rev.2),36056.0,2025-01-13,Achizitie directa,OTIS LIFT S.R.L.,7782044,1
achizitie-directa-2025-29653,Servicii de asistenta si de consultanta informatica (Rev.2),5280.0,2025-01-14,Achizitie directa,INTEGRISOFT SOLUTIONS,12448483,1
achizitie-directa-2025-29850,Lucrari de constructii de parcari (Rev.2),235000.0,2025-01-14,Achizitie directa,Vice Com 95 S.R.L.,7637486,1
achizitie-directa-2025-34525,Diverse imprimate (Rev.2),34792.0,2025-01-14,Achizitie directa,ROTAREXIM,1465985,1
achizitie-directa-2025-38546,Servicii de ajutor pentru utilizatori (Rev.2),192720.0,2025-01-15,Achizitie directa,SOCIETATEA NATIONALA DE INFORMATICA,1556587,1
achizitie-directa-2025-40641,Lampi etanse (Rev.2),2436.54,2025-01-15,Achizitie directa,TURBOTOP,22627540,1
achizitie-directa-2025-51666,Servicii de cadastru (Rev.2),270000.0,2025-01-16,Achizitie directa,Constopograf Expert,25145252,1
achizitie-directa-2025-68364,Servicii de fotografie si servicii conexe (Rev.2),48000.0,2025-01-21,Achizitie directa,ILIE GEORGIAN PERSOANĂ FIZICĂ AUTORIZATĂ,30277713,1
achizitie-directa-2025-69059,Servicii de topografie (Rev.2),270000.0,2025-01-21,Achizitie directa,Constopograf Expert,25145252,1
achizitie-directa-2025-70407,Servicii de reparare si de intretinere a echipamentului de securitate (Rev.2),24000.0,2025-01-21,Achizitie directa,PAN-NET,18675647,1
achizitie-directa-2025-70792,Reparare si intretinere a echipamentelor (Rev.2),48000.0,2025-01-21,Achizitie directa,OPAX PROTECTION SYSTEMS,29587346,1
achizitie-directa-2025-70887,Servicii de intretinere a automobilelor (Rev.2),387.1,2025-01-21,Achizitie directa,AUTO MARCU'S GRUP SA,86,1
achizitie-directa-2025-71408,Produse de curatenie (Rev.2),3486.0,2025-01-21,Achizitie directa,KSA ROAD SERVICES,35253022,1
achizitie-directa-2025-75700,Ecusoane de identificare (Rev.2),208.25,2025-01-21,Achizitie directa,Admiral Media,32146145,1
achizitie-directa-2025-79099,Servicii de arpentaj cadastral (Rev.2),270000.0,2025-01-22,Achizitie directa,Constopograf Expert,25145252,1
achizitie-directa-2025-80581,Piatra de cariera si concasata (Rev.2),137750.0,2025-01-22,Achizitie directa,GEMCO TRADE,31335227,1
achizitie-directa-2025-84785,Alte materiale de constructii diverse (Rev.2),79500.0,2025-01-22,Achizitie directa,GENERAL UTIL CONS,34772064,1
achizitie-directa-2025-89386,Servicii de certificare a semnaturii electronice (Rev.2),285.0,2025-01-23,Achizitie directa,CENTRUL DE CALCUL,2163993,1
achizitie-directa-2025-94517,Servicii de supraveghere a lucrarilor (Rev.2),14000.0,2025-01-27,Achizitie directa,ALPHA CONSULT GENERAL,25188733,1
achizitie-directa-2025-115429,Servicii de intretinere a automobilelor (Rev.2),1443.55,2025-01-29,Achizitie directa,AUTO MARCU'S GRUP SA,86,1
achizitie-directa-2025-119887,"Ziare, reviste specializate, periodice si reviste (Rev.2)",24000.0,2025-01-29,Achizitie directa,WORLD GLOBAL MEDIA S.R.L.,44412011,1
achizitie-directa-2025-123923,Echipament de retea (Rev.2),166.38,2025-01-30,Achizitie directa,DANTE INTERNATIONAL S.A.,14399840,1
achizitie-directa-2025-130585,Servicii de elaborare de studii (Rev.2),270000.0,2025-01-31,Achizitie directa,PERCONS EU,25535239,1
achizitie-directa-2025-131563,Servicii de proiectare specializata (Rev.2),135000.0,2025-01-31,Achizitie directa,CRISBO COMPANY,7954166,1
achizitie-directa-2025-139720,Servicii de reparare si de intretinere a automobilelor (Rev.2),1481.8600000000001,2025-02-03,Achizitie directa,GI EUROSERVICE,19166285,1
achizitie-directa-2025-139803,Servicii de reparare si de intretinere a automobilelor (Rev.2),1632.31,2025-02-03,Achizitie directa,GI EUROSERVICE,19166285,1
achizitie-directa-2025-147862,"Registre, registre contabile, clasoare, formulare si alte articole imprimate de ",4860.0,2025-02-03,Achizitie directa,Dark Solutions,23255720,1
achizitie-directa-2025-152162,Servicii de intretinere a automobilelor (Rev.2),1518.6100000000001,2025-02-04,Achizitie directa,AUTO MARCU'S GRUP SA,86,1
achizitie-directa-2025-152465,Servicii de consultanta in domeniul securitatii (Rev.2),86400.0,2025-02-04,Achizitie directa,SSM FIRE CONSULTING,25336694,1
achizitie-directa-2025-160677,Articole si echipament de sport (Rev.2),873.1,2025-02-05,Achizitie directa,ANASTASIA G.B. PRODCOM,4911926,1
achizitie-directa-2025-169758,Lucrari in lemn (Rev.2),290275.66000000003,2025-02-06,Achizitie directa,NICOLAS CONSTRUCT,24651529,1
achizitie-directa-2025-170844,Servicii de proiectare tehnica pentru infrastructura de transport (Rev.2),110000.0,2025-02-06,Achizitie directa,MASTER SOLUTIONS TEAM,32099000,1
achizitie-directa-2025-172364,Servicii de consultanta in domeniul achizitiilor (Rev.2),81000.0,2025-02-06,Achizitie directa,VITERI CONCEPT SOLUTIONS S.R.L.,50324046,1
achizitie-directa-2025-181852,Diverse articole (Rev.2),7506.67,2025-02-07,Achizitie directa,DEDEMAN S.R.L.,2816464,1
achizitie-directa-2025-182057,Aditivi chimici (Rev.2),507.0,2025-02-07,Achizitie directa,TURBOTOP,22627540,1
achizitie-directa-2025-189805,Servicii de inspectie si testare tehnica (Rev.2),53235.0,2025-02-10,Achizitie directa,SC HEAT INSTAL SRL,23862510,1
achizitie-directa-2025-193520,Servicii legislative (Rev.2),4800.0,2025-02-14,Achizitie directa,CENTRUL TERITORIAL DE CALCUL ELECTRONIC S.A.,2040729,1
achizitie-directa-2025-194698,Servicii de reparare si de intretinere a echipamentului de stingere a incendiilo,1602.0,2025-02-14,Achizitie directa,PROTECT FIRE CONSULTING,31145826,1
achizitie-directa-2025-195226,Produse informative si de promovare (Rev.2),12475.0,2025-02-14,Achizitie directa,ELLIS STORE CONCEPT,50893467,1
achizitie-directa-2025-199745,Panouri de informare (Rev.2),7000.0,2025-02-14,Achizitie directa,INDOOR MEDIA GROUP,18436062,1
achizitie-directa-2025-216832,Servicii de intretinere a automobilelor (Rev.2),2413.26,2025-02-17,Achizitie directa,AUTO MARCU'S GRUP SA,86,1
achizitie-directa-2025-220278,Diverse servicii de intretinere si de reparare (Rev.2),6000.0,2025-02-18,Achizitie directa,SC HEAT INSTAL SRL,23862510,1
achizitie-directa-2025-220295,Servicii de cartografie aeriana (Rev.2),270000.0,2025-02-18,Achizitie directa,Constopograf Expert,25145252,1
achizitie-directa-2025-234998,Servicii de inspectie tehnica (Rev.2),380.0,2025-02-19,Achizitie directa,CARDEEMS,31074679,1
achizitie-directa-2025-235869,Camere video de securitate (Rev.2),8969.0,2025-02-19,Achizitie directa,PAN-NET,18675647,1
achizitie-directa-2025-235902,Aparate de semnalizare acustica sau optica (Rev.2),16200.0,2025-02-19,Achizitie directa,FLASHALARM ELECTRIC,18837943,1
achizitie-directa-2025-240729,Servicii de reparare si de intretinere a automobilelor (Rev.2),1220.7,2025-02-20,Achizitie directa,GI EUROSERVICE,19166285,1
achizitie-directa-2025-240744,Servicii de reparare si de intretinere a automobilelor (Rev.2),308.19,2025-02-20,Achizitie directa,GI EUROSERVICE,19166285,1
achizitie-directa-2025-245573,Servicii de intretinere a automobilelor (Rev.2),2271.06,2025-02-20,Achizitie directa,AUTO MARCU'S GRUP SA,86,1
achizitie-directa-2025-249717,Uleiuri pentru motoare (Rev.2),192.88,2025-02-21,Achizitie directa,TURBOTOP,22627540,1
achizitie-directa-2025-249970,"Hartie si carton fotosensibile, termosensibile sau termografice (Rev.2)",680.0,2025-02-21,Achizitie directa,GEROM INTERNATIONAL PRODIMEX S.R.L.,4695288,1
achizitie-directa-2025-254291,Bariere de protectie (Rev.2),7300.0,2025-02-24,Achizitie directa,S.C.FEROSTIL ART SRL,18760319,1
achizitie-directa-2025-259464,Servicii de intretinere a automobilelor (Rev.2),1105.44,2025-02-24,Achizitie directa,AUTO MARCU'S GRUP SA,86,1
achizitie-directa-2025-259835,Accesorii electrice (Rev.2),2788.57,2025-02-24,Achizitie directa,DEDEMAN S.R.L.,2816464,1
achizitie-directa-2025-261604,Piese pentru utilaje de exploatare miniera si in cariera si piese pentru masini ,2697.05,2025-02-24,Achizitie directa,AROX EQUIPMENT SRL,23646540,1
achizitie-directa-2025-264435,Diverse articole (Rev.2),517.3100000000001,2025-02-25,Achizitie directa,DEDEMAN S.R.L.,2816464,1
achizitie-directa-2025-272370,Servicii de reparare si de intretinere a automobilelor (Rev.2),1079.31,2025-02-26,Achizitie directa,GI EUROSERVICE,19166285,1
achizitie-directa-2025-272377,Servicii de reparare si de intretinere a automobilelor (Rev.2),964.44,2025-02-26,Achizitie directa,GI EUROSERVICE,19166285,1
achizitie-directa-2025-272590,Servicii de certificare a semnaturii electronice (Rev.2),650.0,2025-02-26,Achizitie directa,CENTRUL DE CALCUL,2163993,1
achizitie-directa-2025-272782,Produse de curatenie (Rev.2),3647.0,2025-02-26,Achizitie directa,KSA ROAD SERVICES,35253022,1
achizitie-directa-2025-272827,Servicii de reparare si de intretinere a autovehiculelor si a echipamentelor con,606.0,2025-02-26,Achizitie directa,KSA ROAD SERVICES,35253022,1
achizitie-directa-2025-272845,Servicii de reparare si de intretinere a autovehiculelor si a echipamentelor con,1254.0,2025-02-26,Achizitie directa,KSA ROAD SERVICES,35253022,1
achizitie-directa-2025-275100,Ferestre (Rev.2),2352.0,2025-02-26,Achizitie directa,BEDRI CONSTRUCT INVEST,37154246,1
achizitie-directa-2025-282849,Produse de curatat pentru automobile (Rev.2),375.0,2025-02-27,Achizitie directa,KSA ROAD SERVICES,35253022,1
achizitie-directa-2025-285530,Piese si accesorii pentru vehicule si pentru motoare de vehicule (Rev.2),5320.0,2025-02-27,Achizitie directa,TEHNICAT SERVICE,48766364,1
achizitie-directa-2025-292187,Servicii de formare profesionala (Rev.2),800.0,2025-02-28,Achizitie directa,COMPANIA STINGERI SI INTERVENTII S.A.,22072113,1
achizitie-directa-2025-297492,Diverse articole (Rev.2),402.23,2025-03-03,Achizitie directa,DEDEMAN S.R.L.,2816464,1
achizitie-directa-2025-297761,Mobilier de birou (Rev.2),750.0,2025-03-03,Achizitie directa,KSA ROAD SERVICES,35253022,1
achizitie-directa-2025-310481,Rafturi mobile (Rev.2),900.0,2025-03-04,Achizitie directa,KSA ROAD SERVICES,35253022,1
achizitie-directa-2025-316779,Servicii de reparare si de intretinere a vehiculelor si a echipamentelor aferent,11314.45,2025-03-05,Achizitie directa,IVECO TRUCK SERVICES,31625301,1
achizitie-directa-2025-322915,Diverse articole (Rev.2),208.69,2025-03-05,Achizitie directa,DEDEMAN S.R.L.,2816464,1
achizitie-directa-2025-333798,Servicii de asigurare (Rev.2),6757.7,2025-03-06,Achizitie directa,ZBK BALKAN S.A. BULGARIA SUCURSALA ROMANIA,35779982,1
achizitie-directa-2025-338857,Uleiuri pentru sisteme hidraulice si pentru alte utilizari (Rev.2),2049.21,2025-03-07,Achizitie directa,TURBOTOP,22627540,1
achizitie-directa-2025-339042,Servicii de inspectie tehnica a automobilelor (Rev.2),167.98,2025-03-07,Achizitie directa,CARDEEMS,31074679,1
achizitie-directa-2025-355642,Servicii de reparare si de intretinere a autovehiculelor si a echipamentelor con,6397.0,2025-03-11,Achizitie directa,KSA ROAD SERVICES,35253022,1
achizitie-directa-2025-355688,Piese pentru utilaje de exploatare miniera si in cariera si piese pentru masini ,2300.0,2025-03-11,Achizitie directa,TURBOTOP,22627540,1
achizitie-directa-2025-355856,"Piese de rezerva pentru vehiculele destinate transportului de marfuri, camionete",4604.41,2025-03-11,Achizitie directa,TURBOTOP,22627540,1
achizitie-directa-2025-358513,Ziare (Rev.2),96000.0,2025-03-11,Achizitie directa,Ziarul Semnal Enterprises,36352016,1
achizitie-directa-2025-360478,Servicii de intretinere a automobilelor (Rev.2),2254.1,2025-03-11,Achizitie directa,AUTO MARCU'S GRUP SA,86,1
achizitie-directa-2025-361197,Servicii de formare profesionala (Rev.2),3480.0,2025-03-11,Achizitie directa,EUROPROIECT ESTATE,24149442,1
achizitie-directa-2025-366485,Servicii de reparare si de intretinere a autovehiculelor si a echipamentelor con,3480.0,2025-03-12,Achizitie directa,KSA ROAD SERVICES,35253022,1
achizitie-directa-2025-366531,Servicii de reparare si de intretinere a autovehiculelor si a echipamentelor con,1879.0,2025-03-12,Achizitie directa,KSA ROAD SERVICES,35253022,1
achizitie-directa-2025-373136,Diverse servicii de intretinere si de reparare (Rev.2),14000.0,2025-03-13,Achizitie directa,AUTOSIM ELECTRONIC S.R.L.,45536921,1
achizitie-directa-2025-373154,Materiale de stingere a incendiilor (Rev.2),834.0,2025-03-13,Achizitie directa,ALEX COM -STING,16474353,1
achizitie-directa-2025-376196,Uleiuri pentru reductoare (Rev.2),291.85,2025-03-13,Achizitie directa,TURBOTOP,22627540,1
achizitie-directa-2025-378581,Servicii de gestionare informatica (Rev.2),70800.0,2025-03-13,Achizitie directa,EUROHOSTING,18545256,1
achizitie-directa-2025-381397,Servicii de certificare a semnaturii electronice (Rev.2),325.0,2025-03-13,Achizitie directa,CENTRUL DE CALCUL,2163993,1
achizitie-directa-2025-391696,Servicii de intretinere a automobilelor (Rev.2),1584.91,2025-03-17,Achizitie directa,AUTO MARCU'S GRUP SA,86,1
achizitie-directa-2025-396843,Servicii de curatare a canalelor de ape reziduale (Rev.2),270000.0,2025-03-17,Achizitie directa,BETIRA CONSTRUCT,30520358,1
achizitie-directa-2025-403387,Servicii de medicina muncii (Rev.2),250.0,2025-03-18,Achizitie directa,BELLE VIE MEDICAL SRL,30722900,1
achizitie-directa-2025-405752,Uniforme de politie (Rev.2),319.3,2025-03-18,Achizitie directa,TACTICA OUTDOOR,34994508,1
achizitie-directa-2025-406721,Asfalt (Rev.2),690.76,2025-03-18,Achizitie directa,DEDEMAN S.R.L.,2816464,1
achizitie-directa-2025-414289,Servicii de brokeraj de asigurari (Rev.2),4534.14,2025-03-19,Achizitie directa,ZBK BALKAN S.A. BULGARIA SUCURSALA ROMANIA,35779982,1
achizitie-directa-2025-443714,Lucrari de marcaj rutier (Rev.2),180441.6,2025-03-24,Achizitie directa,ANDUNA SERVIMOB,9666682,1
achizitie-directa-2025-444098,Articole de papetarie si alte articole din hartie (Rev.2),14063.630000000001,2025-03-24,Achizitie directa,GIORGIO 67 SERVICE S.R.L.,5539104,1
achizitie-directa-2025-445368,Servicii de analiza sau consultanta tehnica (Rev.2),30000.0,2025-03-24,Achizitie directa,SPORT&LIGHT CONSULTING,41128644,1
achizitie-directa-2025-446005,Lucrari de vopsire (Rev.2),32558.05,2025-03-24,Achizitie directa,STRABO COSTRUCTION & MENTENANCE,50464376,1
achizitie-directa-2025-452438,"Servicii de arhitectura, de inginerie si de planificare (Rev.2)",45000.0,2025-03-25,Achizitie directa,EUROPROIECT UNIVERS S.R.L.,19172660,1
achizitie-directa-2025-454388,Servicii de reparare si de intretinere a autovehiculelor si a echipamentelor con,4092.36,2025-03-25,Achizitie directa,EURIAL INVEST,5919480,1
achizitie-directa-2025-460287,Diverse articole (Rev.2),294.22,2025-03-26,Achizitie directa,DEDEMAN S.R.L.,2816464,1
achizitie-directa-2025-461274,Servicii de reparare a automobilelor (Rev.2),1117.0,2025-03-26,Achizitie directa,ONEDIA CAR SERVICE,28521297,1
achizitie-directa-2025-464428,Uleiuri pentru sisteme hidraulice si pentru alte utilizari (Rev.2),1557.0,2025-03-26,Achizitie directa,TURBOTOP,22627540,1
achizitie-directa-2025-468725,Servicii de intretinere a automobilelor (Rev.2),4071.15,2025-03-27,Achizitie directa,AUTO MARCU'S GRUP SA,86,1
achizitie-directa-2025-471588,Cartuse de toner (Rev.2),3867.32,2025-03-27,Achizitie directa,ROSERVOTECH,15857245,1
achizitie-directa-2025-488342,Servicii de telecomunicatii (Rev.2),56700.0,2025-03-31,Achizitie directa,PAN-NET,18675647,1
achizitie-directa-2025-488777,Felicitari (Rev.2),15750.0,2025-03-31,Achizitie directa,INDOOR MEDIA GROUP,18436062,1
achizitie-directa-2025-489392,Lucrari de reparare a spatiilor de recreere (Rev.2),125000.0,2025-03-31,Achizitie directa,SC CITY PARK SRL,33945345,1
contract-2025-79964,Motorina (Rev.2),2912710.0,2025-02-24,Licitatie deschisa,AUTOVEST,RO 6836324,2
contract-2025-79965,Motorina (Rev.2),1456355.0,2025-02-24,Licitatie deschisa,AUTOVEST,RO 6836324,2
contract-2025-114194,Servicii de curatenie (Rev.2),11152035.0,2023-09-11,Licitatie deschisa,TOP A-Z CONCEPT S.R.L.,45058860,2
contract-2025-114195,Servicii de curatenie (Rev.2),2788008.0,2023-09-11,Licitatie deschisa,TOP A-Z CONCEPT S.R.L.,45058860,2
contract-2025-114196,Servicii de curatenie (Rev.2),2788008.0,2025-02-25,Licitatie deschisa,TOP A-Z CONCEPT S.R.L.,45058860,2
achizitie-directa-2025-1746,Servicii de ambulanta (Rev.2),5600.0,2025-04-01,Achizitie directa,ARON MEDICAL,36507889,1
achizitie-directa-2025-1960,Servicii de instalare de echipament de distributie a energiei electrice (Rev.2),3000.0,2025-04-01,Achizitie directa,IDEAL - STAR ELECTRIC,31717448,1
achizitie-directa-2025-34094,Servicii de consultanta in protectia contra riscurilor si in controlul riscurilo,8500.0,2025-04-03,Achizitie directa,FOCUS RISK S.R.L.,42708003,1
achizitie-directa-2025-58023,Pachete software de gestionare a investitiilor (Rev.2),2300.0,2025-04-08,Achizitie directa,INTERSOFT START SOLUTIONS SRL,33322231,1
achizitie-directa-2025-63186,Lucrari de vopsire (Rev.2),89500.0,2025-04-08,Achizitie directa,STRABO COSTRUCTION & MENTENANCE,50464376,1
achizitie-directa-2025-63314,Diverse articole (Rev.2),5667.1900000000005,2025-04-08,Achizitie directa,DEDEMAN S.R.L.,2816464,1
achizitie-directa-2025-73272,Diverse articole (Rev.2),117.64,2025-04-09,Achizitie directa,DEDEMAN S.R.L.,2816464,1
achizitie-directa-2025-97268,Filtre de aspiratie a aerului (Rev.2),1262.02,2025-04-11,Achizitie directa,TURBOTOP,22627540,1
achizitie-directa-2025-100395,Piese si accesorii pentru vehicule si pentru motoare de vehicule (Rev.2),15270.0,2025-04-11,Achizitie directa,DAF INTERNATIONAL PROFESSIONAL S.R.L.,45501605,1
achizitie-directa-2025-105529,Servicii de reparare si de intretinere a automobilelor (Rev.2),219.07,2025-04-14,Achizitie directa,GI EUROSERVICE,19166285,1
achizitie-directa-2025-113210,Servicii de reparare si de intretinere a autovehiculelor si a echipamentelor con,1209.0,2025-04-14,Achizitie directa,KSA ROAD SERVICES,35253022,1
achizitie-directa-2025-121494,Diverse articole (Rev.2),423.84000000000003,2025-04-15,Achizitie directa,DEDEMAN S.R.L.,2816464,1
achizitie-directa-2025-124544,Uleiuri pentru sisteme hidraulice si pentru alte utilizari (Rev.2),1284.1000000000001,2025-04-15,Achizitie directa,TURBOTOP,22627540,1
achizitie-directa-2025-130950,Servicii generale de consultanta in management (Rev.2),30000.0,2025-04-16,Achizitie directa,RICON CONSULTING S.R.L.,23246919,1
achizitie-directa-2025-136869,Servicii de transport rutier specializat de pasageri (Rev.2),96000.0,2025-04-16,Achizitie directa,LUCA F BOGDAN,39256277,1
achizitie-directa-2025-140382,Servicii de reparare si de intretinere a automobilelor (Rev.2),219.07,2025-04-17,Achizitie directa,GI EUROSERVICE,19166285,1
achizitie-directa-2025-143221,Produse de curatenie (Rev.2),6281.0,2025-04-17,Achizitie directa,KSA ROAD SERVICES,35253022,1
achizitie-directa-2025-144043,Servicii de reparare si de intretinere a grupurilor de refrigerare (Rev.2),100000.0,2025-04-17,Achizitie directa,ADLO PROCARS SRL,29496361,1
achizitie-directa-2025-150100,Servicii de arhivare computerizata (Rev.2),135000.0,2025-04-23,Achizitie directa,PRO ARHIVE MANAGEMENT,35666380,1
achizitie-directa-2025-150402,Servicii de ambulanta (Rev.2),2800.0,2025-04-23,Achizitie directa,ARON MEDICAL,36507889,1
achizitie-directa-2025-151733,Acumulatori electrici (Rev.2),625.0,2025-04-23,Achizitie directa,KSA ROAD SERVICES,35253022,1
achizitie-directa-2025-156781,Servicii de evacuare a apelor reziduale (Rev.2),4000.0,2025-04-23,Achizitie directa,Eco Public,19123039,1
achizitie-directa-2025-165685,Lucrari de montaj (Rev.2),26496.0,2025-04-24,Achizitie directa,NICOLAS CONSTRUCT,24651529,1
achizitie-directa-2025-175154,Lucrari de montaj (Rev.2),39022.08,2025-04-28,Achizitie directa,KSA ROAD SERVICES,35253022,1
achizitie-directa-2025-193862,Diverse articole (Rev.2),2013.95,2025-04-29,Achizitie directa,DEDEMAN S.R.L.,2816464,1
achizitie-directa-2025-193997,Pneuri pentru autovehicule (Rev.2),1940.0,2025-04-29,Achizitie directa,KSA ROAD SERVICES,35253022,1
achizitie-directa-2025-203951,Lucrari de amenajare a terenului (Rev.2),187248.6,2025-04-30,Achizitie directa,SC CITY PARK SRL,33945345,1
achizitie-directa-2025-204095,Servicii de brokeraj de asigurari (Rev.2),14877.09,2025-04-30,Achizitie directa,ZBK BALKAN S.A. BULGARIA SUCURSALA ROMANIA,35779982,1
achizitie-directa-2025-218498,Servicii de verificare a proiectelor de structuri portante (Rev.2),4500.0,2025-05-05,Achizitie directa,OPIUM OFFICE CONSULTING,32265200,1
achizitie-directa-2025-222535,Servicii de consultanta financiara (Rev.2),240000.0,2025-05-05,Achizitie directa,IFNCONS MEDIA,16016984,1
achizitie-directa-2025-229541,Servicii de reparare si de intretinere a autovehiculelor si a echipamentelor con,3200.0,2025-05-06,Achizitie directa,KSA ROAD SERVICES,35253022,1
achizitie-directa-2025-229860,Servicii de reparare si de intretinere a autovehiculelor si a echipamentelor con,550.0,2025-05-06,Achizitie directa,KSA ROAD SERVICES,35253022,1
achizitie-directa-2025-245030,Limitatoare de viteza (Rev.2),29000.0,2025-05-07,Achizitie directa,COMINDFLEX,1393676,1
achizitie-directa-2025-261985,Bolturi si suruburi (Rev.2),2697.2000000000003,2025-05-09,Achizitie directa,DEDEMAN S.R.L.,2816464,1
achizitie-directa-2025-272476,Uleiuri pentru sisteme hidraulice si pentru alte utilizari (Rev.2),4355.2,2025-05-12,Achizitie directa,TURBOTOP,22627540,1
achizitie-directa-2025-295878,Computer de birou (Rev.2),1535.0,2025-05-14,Achizitie directa,PROBITZ,13434567,1
achizitie-directa-2025-296565,Monitoare (Rev.2),566.38,2025-05-14,Achizitie directa,FANPLACE iT SRL,31962960,1
achizitie-directa-2025-296963,Servicii de intretinere a automobilelor (Rev.2),2464.1,2025-05-14,Achizitie directa,AUTO MARCU'S GRUP SA,86,1
achizitie-directa-2025-299789,Cabluri de comunicatii (Rev.2),204.96,2025-05-14,Achizitie directa,FANPLACE iT SRL,31962960,1
achizitie-directa-2025-309602,Servicii de certificare a semnaturii electronice (Rev.2),285.0,2025-05-15,Achizitie directa,CENTRUL DE CALCUL,2163993,1
achizitie-directa-2025-309671,Echipamente de protectie (Rev.2),507.0,2025-05-15,Achizitie directa,TACTICA OUTDOOR,34994508,1
achizitie-directa-2025-312792,Servicii de reparare si de intretinere a autovehiculelor si a echipamentelor con,5522.47,2025-05-15,Achizitie directa,EURIAL INVEST,5919480,1
achizitie-directa-2025-314989,Servicii de evacuare a apelor reziduale (Rev.2),1500.0,2025-05-15,Achizitie directa,Eco Public,19123039,1
achizitie-directa-2025-317311,Servicii de proiectare tehnica pentru infrastructura de transport (Rev.2),115500.0,2025-05-16,Achizitie directa,STANGER DESIGN SRL,40412167,1
achizitie-directa-2025-336471,Servicii de reparare si de intretinere a automobilelor (Rev.2),779.94,2025-05-20,Achizitie directa,GI EUROSERVICE,19166285,1
achizitie-directa-2025-336482,Servicii de reparare si de intretinere a automobilelor (Rev.2),1138.41,2025-05-20,Achizitie directa,GI EUROSERVICE,19166285,1
achizitie-directa-2025-337834,Produse de curatenie (Rev.2),3600.0,2025-05-20,Achizitie directa,KSA ROAD SERVICES,35253022,1
achizitie-directa-2025-341823,Lucrari de reparare a drumurilor (Rev.2),28119.22,2025-05-20,Achizitie directa,SAGA INFRASTRUCTURA,32184793,1
achizitie-directa-2025-344097,Servicii generale de consultanta in management (Rev.2),180000.0,2025-05-20,Achizitie directa,CXB CONSULTING & TECHNICAL SUPPORT,25837539,1
achizitie-directa-2025-354447,Servicii de reparare si de intretinere a automobilelor (Rev.2),1776.69,2025-05-21,Achizitie directa,GI EUROSERVICE,19166285,1
achizitie-directa-2025-374760,Servicii de intretinere a automobilelor (Rev.2),545.5,2025-05-23,Achizitie directa,AUTO MARCU'S GRUP SA,86,1
achizitie-directa-2025-383034,Imprimante laser (Rev.2),2714.26,2025-05-26,Achizitie directa,PMC GROUP DISTRIBUTIE S.R.L.,17116469,1
achizitie-directa-2025-386671,Cartuse de toner (Rev.2),1392.7,2025-05-26,Achizitie directa,DNS BIROTICA,16310679,1
achizitie-directa-2025-388304,Servicii de internet (Rev.2),14160.0,2025-05-27,Achizitie directa,PAN-NET,18675647,1
achizitie-directa-2025-391697,Servicii de supraveghere a lucrarilor (Rev.2),50000.0,2025-05-27,Achizitie directa,ALPHA CONSULT GENERAL,25188733,1
achizitie-directa-2025-397304,Servicii de reparare si de intretinere a vehiculelor si a echipamentelor aferent,3835.32,2025-05-27,Achizitie directa,IVECO TRUCK SERVICES,31625301,1
achizitie-directa-2025-402872,Servicii de proiectare tehnica pentru infrastructura de transport (Rev.2),10000.0,2025-05-28,Achizitie directa,RHEEA CONSTRUCTION S.R.L.,47379122,1
achizitie-directa-2025-405545,Produse de curatat pentru automobile (Rev.2),300.0,2025-05-28,Achizitie directa,KSA ROAD SERVICES,35253022,1
achizitie-directa-2025-408274,Servicii de reparare si de intretinere a vehiculelor si a echipamentelor aferent,1691.32,2025-05-28,Achizitie directa,IVECO TRUCK SERVICES,31625301,1
achizitie-directa-2025-411543,Servicii de certificare a semnaturii electronice (Rev.2),4600.0,2025-05-29,Achizitie directa,CENTRUL DE CALCUL,2163993,1
achizitie-directa-2025-413761,Servicii de tiparire si de livrare (Rev.2),0.01,2025-05-29,Achizitie directa,PLUXEE ROMANIA,11071295,1
achizitie-directa-2025-421925,Cabine (Rev.2),35000.0,2025-05-30,Achizitie directa,GENERAL UTIL CONS,34772064,1
achizitie-directa-2025-426481,Servicii de reparare a automobilelor (Rev.2),6682.32,2025-05-30,Achizitie directa,ONEDIA CAR SERVICE,28521297,1
achizitie-directa-2025-441573,Servicii de analiza sau consultanta tehnica (Rev.2),66000.0,2025-06-03,Achizitie directa,PERCONS EU,25535239,1
achizitie-directa-2025-442921,Servicii de certificare a semnaturii electronice (Rev.2),325.0,2025-06-03,Achizitie directa,CENTRUL DE CALCUL,2163993,1
achizitie-directa-2025-446183,Servicii de inspectie tehnica a automobilelor (Rev.2),210.0,2025-06-03,Achizitie directa,CARDEEMS,31074679,1
achizitie-directa-2025-448454,Uleiuri pentru motoare (Rev.2),351.1,2025-06-03,Achizitie directa,TURBOTOP,22627540,1
achizitie-directa-2025-453541,Servicii de reparare si de intretinere a automobilelor (Rev.2),1336.93,2025-06-04,Achizitie directa,GI EUROSERVICE,19166285,1
achizitie-directa-2025-454414,Computere portabile (Rev.2),2166.37,2025-06-04,Achizitie directa,FANPLACE iT SRL,31962960,1
achizitie-directa-2025-468381,Servicii de medicina muncii (Rev.2),500.0,2025-06-05,Achizitie directa,BELLE VIE MEDICAL SRL,30722900,1
achizitie-directa-2025-470524,Formulare (Rev.2),18839.49,2025-06-06,Achizitie directa,GIORGIO 67 SERVICE S.R.L.,5539104,1
achizitie-directa-2025-475536,Servicii de arhitectura pentru spatii exterioare (Rev.2),59500.0,2025-06-06,Achizitie directa,EUROPROIECT UNIVERS S.R.L.,19172660,1
achizitie-directa-2025-476830,Ziare (Rev.2),108000.0,2025-06-06,Achizitie directa,Prestige Events,26120590,1
achizitie-directa-2025-478530,Servicii de actualizare informatica (Rev.2),45600.0,2025-06-10,Achizitie directa,INDOOR MEDIA GROUP,18436062,1
achizitie-directa-2025-491238,Produse de curatenie (Rev.2),2283.6,2025-06-11,Achizitie directa,DNS BIROTICA,16310679,1
achizitie-directa-2025-496502,Servicii de reparare si de intretinere a vehiculelor si a echipamentelor aferent,3825.42,2025-06-11,Achizitie directa,IVECO TRUCK SERVICES,31625301,1
achizitie-directa-2025-506729,Servicii de reparare si de intretinere a autovehiculelor si a echipamentelor con,2030.0,2025-06-12,Achizitie directa,KSA ROAD SERVICES,35253022,1
achizitie-directa-2025-508806,Produse de curatenie (Rev.2),3462.0,2025-06-12,Achizitie directa,KSA ROAD SERVICES,35253022,1
achizitie-directa-2025-509506,Servicii de reparare si de intretinere a automobilelor (Rev.2),4563.29,2025-06-13,Achizitie directa,GI EUROSERVICE,19166285,1
achizitie-directa-2025-509507,Lucrari de constructii de canalizari de ape pluviale (Rev.2),263976.0,2025-06-13,Achizitie directa,BETIRA CONSTRUCT,30520358,1
achizitie-directa-2025-510675,Servicii de reparare si de intretinere a automobilelor (Rev.2),1176.02,2025-06-13,Achizitie directa,GI EUROSERVICE,19166285,1
achizitie-directa-2025-517695,Materiale publicitare (Rev.2),25000.0,2025-06-16,Achizitie directa,INDOOR MEDIA GROUP,18436062,1
achizitie-directa-2025-527938,Lampi etanse (Rev.2),516.6,2025-06-17,Achizitie directa,TURBOTOP,22627540,1
achizitie-directa-2025-529819,Servicii de asistenta si de consultanta informatica (Rev.2),105780.0,2025-06-17,Achizitie directa,INTEGRISOFT SOLUTIONS,12448483,1
achizitie-directa-2025-534365,Utilaje agricole si forestiere pentru pregatirea sau cultivarea solului (Rev.2),285.71,2025-06-17,Achizitie directa,GEO AUTO AGRO,26697077,1
achizitie-directa-2025-535330,"Piese de schimb mecanice, altele decat motoare si piese de motoare (Rev.2)",1230.76,2025-06-17,Achizitie directa,TURBOTOP,22627540,1
achizitie-directa-2025-545933,"Pietris, nisip, piatra concasata si agregate (Rev.2)",270000.0,2025-06-18,Achizitie directa,GEMCO TRADE,31335227,1
achizitie-directa-2025-550334,Servicii de reparare si de intretinere a automobilelor (Rev.2),714.28,2025-06-19,Achizitie directa,GI EUROSERVICE,19166285,1
achizitie-directa-2025-551523,Diverse articole (Rev.2),972.6,2025-06-19,Achizitie directa,DEDEMAN S.R.L.,2816464,1
achizitie-directa-2025-552093,Pietris (Rev.2),269920.0,2025-06-19,Achizitie directa,GEMCO TRADE,31335227,1
achizitie-directa-2025-553533,Uniforme de politie (Rev.2),167.23,2025-06-19,Achizitie directa,TACTICA OUTDOOR,34994508,1
achizitie-directa-2025-561841,Servicii de supraveghere a lucrarilor (Rev.2),10000.0,2025-06-20,Achizitie directa,ALPHA CONSULT GENERAL,25188733,1
achizitie-directa-2025-576566,Servicii de consultanta privind gestionarea proiectelor (Rev.2),250000.0,2025-06-24,Achizitie directa,CREATIVE PEOPLE,39329387,1
achizitie-directa-2025-587377,Servicii de evacuare a apelor reziduale (Rev.2),8600.0,2025-06-25,Achizitie directa,Eco Public,19123039,1
achizitie-directa-2025-587756,Servicii de instalare de echipament de distributie a energiei electrice (Rev.2),4000.0,2025-06-25,Achizitie directa,IDEAL - STAR ELECTRIC,31717448,1
achizitie-directa-2025-595660,Servicii de intretinere a automobilelor (Rev.2),347.11,2025-06-26,Achizitie directa,AUTO MARCU'S GRUP SA,86,1
achizitie-directa-2025-610038,Publicatii periodice (Rev.2),48000.0,2025-06-30,Achizitie directa,Semnal.EU,51649500,1
achizitie-directa-2025-611715,Servicii de reparare si de intretinere a autovehiculelor si a echipamentelor con,576.0,2025-06-30,Achizitie directa,KSA ROAD SERVICES,35253022,1
contract-2025-115829,Lucrari de constructii de canalizare de ape reziduale (Rev.2),7920929.0,2025-05-16,Procedura simplificata,SC OMNI CONSTRUCT LOGISTIC S.R.L.,32194177,1
contract-2025-135150,Servicii de paza (Rev.2),10047147.0,2025-05-26,Licitatie deschisa,Sicuro Invest,RO6879473,2
contract-2025-135151,Servicii de paza (Rev.2),5023573.0,2025-05-26,Licitatie deschisa,Sicuro Invest,RO6879473,2
achizitie-directa-2025-11027,Servicii de reparare si de intretinere a autovehiculelor si a echipamentelor con,1647.0,2025-07-02,Achizitie directa,KSA ROAD SERVICES,35253022,1
achizitie-directa-2025-11047,Servicii de reparare si de intretinere a autovehiculelor si a echipamentelor con,2310.0,2025-07-02,Achizitie directa,KSA ROAD SERVICES,35253022,1
achizitie-directa-2025-16996,Servicii de spalare a automobilelor si servicii similare (Rev.2),225408.0,2025-07-02,Achizitie directa,FAST NEW PRINT SERVICES S.R.L.,43154577,1
achizitie-directa-2025-26716,Echipament de retea (Rev.2),430.25,2025-07-04,Achizitie directa,FANPLACE iT SRL,31962960,1
achizitie-directa-2025-26718,Componente de retea (Rev.2),73.94,2025-07-04,Achizitie directa,FANPLACE iT SRL,31962960,1
achizitie-directa-2025-35522,Servicii de intretinere a automobilelor (Rev.2),282.31,2025-07-07,Achizitie directa,AUTO MARCU'S GRUP SA,86,1
achizitie-directa-2025-35585,Servicii de certificare a semnaturii electronice (Rev.2),125.0,2025-07-07,Achizitie directa,CENTRUL DE CALCUL,2163993,1
achizitie-directa-2025-35952,Aditivi chimici (Rev.2),507.0,2025-07-07,Achizitie directa,TURBOTOP,22627540,1
achizitie-directa-2025-46686,Piese si accesorii pentru fotocopiatoare (Rev.2),857.0,2025-07-08,Achizitie directa,Modserv Impex,17258404,1
achizitie-directa-2025-48318,"Diverse franghii, funii, sfori si plase (Rev.2)",10027.0,2025-07-08,Achizitie directa,SC ROMNETS CORPORATION SRL,33529670,1
achizitie-directa-2025-53945,Servicii de reparare a automobilelor (Rev.2),498.22,2025-07-09,Achizitie directa,ONEDIA CAR SERVICE,28521297,1
achizitie-directa-2025-53976,Produse de curatenie (Rev.2),4357.0,2025-07-09,Achizitie directa,KSA ROAD SERVICES,35253022,1
achizitie-directa-2025-75172,Uleiuri pentru motoare (Rev.2),1038.0,2025-07-14,Achizitie directa,TURBOTOP,22627540,1
achizitie-directa-2025-82012,Aparate de aer conditionat (Rev.2),1760.0,2025-07-15,Achizitie directa,ADLO PROCARS SRL,29496361,1
achizitie-directa-2025-89890,Piese si accesorii pentru vehicule si pentru motoare de vehicule (Rev.2),1070.0,2025-07-15,Achizitie directa,TEHNICAT SERVICE,48766364,1
achizitie-directa-2025-107341,Lucrari de structuri metalice (Rev.2),35600.0,2025-07-18,Achizitie directa,Vice Com 95 S.R.L.,7637486,1
achizitie-directa-2025-108126,Servicii de intretinere a automobilelor (Rev.2),2034.78,2025-07-18,Achizitie directa,AUTO MARCU'S GRUP SA,86,1
achizitie-directa-2025-112577,Servicii de reparare si de intretinere a autovehiculelor si a echipamentelor con,1877.0,2025-07-21,Achizitie directa,KSA ROAD SERVICES,35253022,1
achizitie-directa-2025-112651,Produse de curatat pentru automobile (Rev.2),375.0,2025-07-21,Achizitie directa,KSA ROAD SERVICES,35253022,1
achizitie-directa-2025-123502,Servicii de certificare a semnaturii electronice (Rev.2),125.0,2025-07-22,Achizitie directa,CENTRUL DE CALCUL,2163993,1
achizitie-directa-2025-143065,Servicii de consultanta in domeniul evaluarii (Rev.2),269990.0,2025-07-24,Achizitie directa,SC FOCUS COMPANY CONSULTING CCN SRL,26057280,1
achizitie-directa-2025-143201,Servicii de reparare si intretinere (Rev.2),8459.87,2025-07-24,Achizitie directa,TEHNICAT SERVICE,48766364,1
achizitie-directa-2025-144706,Diverse articole (Rev.2),3697.48,2025-07-25,Achizitie directa,DEDEMAN S.R.L.,2816464,1
achizitie-directa-2025-145299,Servicii de reparare si de intretinere a automobilelor (Rev.2),823.89,2025-07-25,Achizitie directa,GI EUROSERVICE,19166285,1
achizitie-directa-2025-146474,Servicii de brokeraj de asigurari (Rev.2),3871.96,2025-07-25,Achizitie directa,ZBK BALKAN S.A. BULGARIA SUCURSALA ROMANIA,35779982,1
achizitie-directa-2025-151253,Servicii de reparare si de intretinere a echipamentului video (Rev.2),114000.0,2025-07-28,Achizitie directa,PAN-NET,18675647,1
achizitie-directa-2025-153663,Lucrari de reparare a spatiilor de recreere (Rev.2),30970.0,2025-07-28,Achizitie directa,NICOLAS CONSTRUCT,24651529,1
achizitie-directa-2025-167573,"Registre, registre contabile, clasoare, formulare si alte articole imprimate de ",2170.0,2025-07-30,Achizitie directa,Dark Solutions,23255720,1
achizitie-directa-2025-171197,Aditivi chimici (Rev.2),507.0,2025-07-30,Achizitie directa,TURBOTOP,22627540,1
achizitie-directa-2025-178989,Servicii de reparare si de intretinere a automobilelor (Rev.2),1953.82,2025-07-31,Achizitie directa,GI EUROSERVICE,19166285,1
achizitie-directa-2025-179089,Echipament rutier (Rev.2),22305.36,2025-07-31,Achizitie directa,AXICO GRUP,24385699,1
achizitie-directa-2025-192273,Cabluri de conectare (Rev.2),63.03,2025-08-04,Achizitie directa,EPSILON,8077425,1
achizitie-directa-2025-199743,Servicii de intretinere a automobilelor (Rev.2),993.0600000000001,2025-08-05,Achizitie directa,AUTO MARCU'S GRUP SA,86,1
achizitie-directa-2025-199905,Cititoare de carduri inteligente (Rev.2),126.0,2025-08-05,Achizitie directa,DATABASE PRO,23744204,1
achizitie-directa-2025-209411,Servicii de reparare a automobilelor (Rev.2),1637.04,2025-08-07,Achizitie directa,ONEDIA CAR SERVICE,28521297,1
achizitie-directa-2025-209471,Cartuse de toner (Rev.2),2266.46,2025-08-07,Achizitie directa,ROMSYSTEMS,15437993,1
achizitie-directa-2025-217127,Servicii de intretinere a automobilelor (Rev.2),1045.18,2025-08-08,Achizitie directa,AUTO MARCU'S GRUP SA,86,1
achizitie-directa-2025-218687,Perii (Rev.2),1236.0,2025-08-08,Achizitie directa,VirComEm,7010885,1
achizitie-directa-2025-220919,Baterii (Rev.2),2450.0,2025-08-11,Achizitie directa,KSA ROAD SERVICES,35253022,1
achizitie-directa-2025-225059,Servicii de publicitate (Rev.2),239.67000000000002,2025-08-11,Achizitie directa,Rofusion Advertising,38547529,1
achizitie-directa-2025-226609,Lucrari de reparatii generale si de renovare (Rev.2),239900.0,2025-08-11,Achizitie directa,A.F. CONSULTING,12972517,1
achizitie-directa-2025-230055,Placute indicatoare (Rev.2),4038.0,2025-08-12,Achizitie directa,DV PROD MEDIA,15143068,1
achizitie-directa-2025-235381,Servicii de reparare si de intretinere a autovehiculelor si a echipamentelor con,3812.0,2025-08-13,Achizitie directa,KSA ROAD SERVICES,35253022,1
achizitie-directa-2025-241823,Echipament periferic (Rev.2),209.70000000000002,2025-08-14,Achizitie directa,FLAX COMPUTERS S.R.L.,14639030,1
achizitie-directa-2025-242825,"Servicii de reparare a pneurilor, inclusiv montare si echilibrare (Rev.2)",1200.0,2025-08-14,Achizitie directa,LUKA NIKAT UTILAJE,36689322,1
achizitie-directa-2025-245218,Servicii de inspectie si testare tehnica (Rev.2),420.0,2025-08-14,Achizitie directa,CARDEEMS,31074679,1
achizitie-directa-2025-246077,Echipament de incalzire centrala (Rev.2),6300.0,2025-08-14,Achizitie directa,SC HEAT INSTAL SRL,23862510,1
achizitie-directa-2025-246374,Servicii de consultanta in domeniul achizitiilor (Rev.2),85000.0,2025-08-14,Achizitie directa,VITERI CONCEPT SOLUTIONS S.R.L.,50324046,1
achizitie-directa-2025-250386,Servicii de supraveghere a santierului (Rev.2),246850.0,2025-08-18,Achizitie directa,RALEX PROIECT CONSTRUCT,29101593,1
achizitie-directa-2025-253599,Servicii de consultanta in protectia contra incendiilor si a exploziilor si in c,64020.0,2025-08-19,Achizitie directa,PROTECT FIRE CONSULTING,31145826,1
achizitie-directa-2025-253651,Hidranti (Rev.2),35640.0,2025-08-19,Achizitie directa,PROTECT FIRE CONSULTING,31145826,1
achizitie-directa-2025-255215,Produse de curatenie (Rev.2),2992.0,2025-08-19,Achizitie directa,KSA ROAD SERVICES,35253022,1
achizitie-directa-2025-259650,Servicii de expertiza (Rev.2),75000.0,2025-08-19,Achizitie directa,Capital Grup Instal,20434446,1
achizitie-directa-2025-265191,Servicii de intretinere a automobilelor (Rev.2),1701.6200000000001,2025-08-20,Achizitie directa,AUTO MARCU'S GRUP SA,86,1
achizitie-directa-2025-279238,Pneuri pentru autovehicule (Rev.2),3000.0,2025-08-25,Achizitie directa,KSA ROAD SERVICES,35253022,1
achizitie-directa-2025-283417,Servicii de intretinere a automobilelor (Rev.2),732.23,2025-08-25,Achizitie directa,AUTO MARCU'S GRUP SA,86,1
achizitie-directa-2025-287475,Lucrari de vopsire (Rev.2),80000.0,2025-08-26,Achizitie directa,STRABO COSTRUCTION & MENTENANCE,50464376,1
achizitie-directa-2025-294382,Vaselina (Rev.2),2998.86,2025-08-27,Achizitie directa,TURBOTOP,22627540,1
achizitie-directa-2025-297911,Diverse articole (Rev.2),1958.18,2025-08-27,Achizitie directa,DEDEMAN S.R.L.,2816464,1
achizitie-directa-2025-310437,Pneuri pentru autovehicule (Rev.2),2170.0,2025-08-29,Achizitie directa,KSA ROAD SERVICES,35253022,1
achizitie-directa-2025-322582,Servicii generale de consultanta in management (Rev.2),50000.0,2025-09-02,Achizitie directa,FINANCE PUBLIC CONSULTING,47236831,1
achizitie-directa-2025-326962,Cititoare de carduri inteligente (Rev.2),1098.0,2025-09-02,Achizitie directa,SOFA SOFT,9601390,1
achizitie-directa-2025-343336,Transport de pasageri ocazional (Rev.2),23460.0,2025-09-04,Achizitie directa,SC Do&Do Silver Sprint SRL,26167585,1
achizitie-directa-2025-343382,Transport de pasageri ocazional (Rev.2),28635.0,2025-09-04,Achizitie directa,SC Do&Do Silver Sprint SRL,26167585,1
achizitie-directa-2025-343418,Transport de pasageri ocazional (Rev.2),110400.0,2025-09-04,Achizitie directa,SC Do&Do Silver Sprint SRL,26167585,1
achizitie-directa-2025-374926,Servicii de medicina muncii (Rev.2),38920.0,2025-09-10,Achizitie directa,BELLE VIE MEDICAL SRL,30722900,1
achizitie-directa-2025-376451,"Servicii de colectare, de transport si de eliminare a deseurilor spitalicesti (R",4095.0,2025-09-10,Achizitie directa,CARTOGATE GROUP S.R.L.,14950892,1
achizitie-directa-2025-376892,Servicii de instalare de echipament de distributie a energiei electrice (Rev.2),2000.0,2025-09-10,Achizitie directa,IDEAL - STAR ELECTRIC,31717448,1
achizitie-directa-2025-377046,Servicii de ambulanta (Rev.2),3200.0,2025-09-10,Achizitie directa,ARON MEDICAL,36507889,1
achizitie-directa-2025-380697,Servicii de evacuare a apelor reziduale (Rev.2),3500.0,2025-09-10,Achizitie directa,Eco Public,19123039,1
achizitie-directa-2025-382440,Camere video (Rev.2),11223.0,2025-09-10,Achizitie directa,POLITES ONLINE SRL,34846331,1
achizitie-directa-2025-386724,Pachete software de proiectare asistata de calculator (CAD) (Rev.2),6025.0,2025-09-11,Achizitie directa,NOICONSTRUIM.RO,16230359,1
achizitie-directa-2025-396693,Aditivi chimici (Rev.2),507.0,2025-09-12,Achizitie directa,TURBOTOP,22627540,1
achizitie-directa-2025-396736,Servicii de reparare si de intretinere a tahometrelor (Rev.2),909.09,2025-09-12,Achizitie directa,TACHONAN SERVICE S.R.L.,8893970,1
achizitie-directa-2025-401416,Monitoare (Rev.2),537.8100000000001,2025-09-15,Achizitie directa,FANPLACE iT SRL,31962960,1
achizitie-directa-2025-412012,Servicii de reparare si de intretinere a automobilelor (Rev.2),431.8,2025-09-16,Achizitie directa,GI EUROSERVICE,19166285,1
achizitie-directa-2025-412029,Servicii de reparare si de intretinere a automobilelor (Rev.2),1917.33,2025-09-16,Achizitie directa,GI EUROSERVICE,19166285,1
achizitie-directa-2025-415022,Servicii de brokeraj de asigurari (Rev.2),79.8,2025-09-16,Achizitie directa,ZBK BALKAN S.A. BULGARIA SUCURSALA ROMANIA,35779982,1
achizitie-directa-2025-415221,Servicii de audit informatic (Rev.2),75000.0,2025-09-16,Achizitie directa,FINANCE PUBLIC CONSULTING,47236831,1
achizitie-directa-2025-443344,Scanere (Rev.2),2486.41,2025-09-19,Achizitie directa,FANPLACE iT SRL,31962960,1
achizitie-directa-2025-447227,Servicii de proiectare tehnica pentru infrastructura de transport (Rev.2),85600.0,2025-09-22,Achizitie directa,RHEEA CONSTRUCTION S.R.L.,47379122,1
achizitie-directa-2025-479118,Servicii de certificare a semnaturii electronice (Rev.2),325.0,2025-09-25,Achizitie directa,CENTRUL DE CALCUL,2163993,1
achizitie-directa-2025-486937,Diverse articole (Rev.2),1748.76,2025-09-26,Achizitie directa,DEDEMAN S.R.L.,2816464,1
achizitie-directa-2025-498808,Produse de curatenie (Rev.2),4040.0,2025-09-29,Achizitie directa,KSA ROAD SERVICES,35253022,1
achizitie-directa-2025-499233,Produse de curatat pentru automobile (Rev.2),600.0,2025-09-29,Achizitie directa,KSA ROAD SERVICES,35253022,1
achizitie-directa-2025-503398,Servicii de reparare si intretinere (Rev.2),13715.67,2025-09-29,Achizitie directa,TEHNICAT SERVICE,48766364,1
achizitie-directa-2025-507255,Servicii de proiectare tehnica pentru constructia de lucrari publice (Rev.2),211200.0,2025-09-30,Achizitie directa,VEST INSTAL S.R.L.,18991887,1
achizitie-directa-2025-507403,Piese si accesorii pentru vehicule si pentru motoare de vehicule (Rev.2),3181.0,2025-09-30,Achizitie directa,KSA ROAD SERVICES,35253022,1
achizitie-directa-2025-507564,Servicii de reparare si de intretinere a vehiculelor si a echipamentelor aferent,1187.41,2025-09-30,Achizitie directa,TITAN MACHINERY ROMANIA,29352595,1
contract-2025-13877,Servicii de intretinere a iluminatului public (Rev.2),7149763.0,2025-07-01,Licitatie deschisa,CORVIN DESIGN,RO 24299482,2
contract-2025-13878,Servicii de intretinere a iluminatului public (Rev.2),7149763.0,2025-07-01,Licitatie deschisa,ELECTROCONS GROUP PROIECT INT'L,RO 15475580,2
contract-2025-37370,Lucrari de arhitectura peisagistica a parcurilor (Rev.2),13570756.0,2025-07-14,Procedura simplificata,ACG CONSTRUCTION & PROJECTS,RO17351537,1
contract-2025-37371,Lucrari de arhitectura peisagistica a parcurilor (Rev.2),13570756.0,2025-07-14,Procedura simplificata,SC OLTENIA GARDEN SRL,RO 11289053,1
contract-2025-58067,Lucrari de constructii de scoli gimnaziale (Rev.2),29508940.0,2025-07-29,Licitatie deschisa,ALA EXPERT CONSTRUCT,RO30056330,2
contract-2025-58068,Lucrari de constructii de scoli gimnaziale (Rev.2),29508940.0,2025-07-29,Licitatie deschisa,SANTIA PARTNER CONSTRUCT,RO27702350,2
contract-2025-58069,Lucrari de constructii de scoli gimnaziale (Rev.2),29508940.0,2025-07-29,Licitatie deschisa,YARDMAN,RO28250562,2
contract-2025-103428,Lucrari de constructii de gradinite (Rev.2),24184504.0,2025-09-05,Licitatie deschisa,GLOBEXTERRA,RO28610220,2
contract-2025-103429,Lucrari de constructii de gradinite (Rev.2),24184504.0,2025-09-05,Licitatie deschisa,ROMCO SYSTEM S.R.L.,RO 15315902,2
achizitie-directa-2025-10631,Servicii de consultanta in domeniul achizitiilor (Rev.2),104000.0,2025-10-02,Achizitie directa,PERCONS EU,25535239,1
achizitie-directa-2025-19677,Servicii generale de consultanta in management (Rev.2),100000.0,2025-10-02,Achizitie directa,CREATIVE PEOPLE,39329387,1
achizitie-directa-2025-19721,Rafturi de carti (Rev.2),3437.06,2025-10-02,Achizitie directa,FRAMEWORKS,17523870,1
achizitie-directa-2025-36864,Servicii de brokeraj de asigurari (Rev.2),3144.76,2025-10-06,Achizitie directa,ZBK BALKAN S.A. BULGARIA SUCURSALA ROMANIA,35779982,1
achizitie-directa-2025-57743,"Registre, registre contabile, clasoare, formulare si alte articole imprimate de ",5545.0,2025-10-09,Achizitie directa,Dark Solutions,23255720,1
achizitie-directa-2025-86474,Consultanta in afaceri si in management si servicii conexe (Rev.2),230000.0,2025-10-14,Achizitie directa,FLEXABILITY MANAGEMENT,19179498,1
achizitie-directa-2025-86672,Servicii de supraveghere a santierului (Rev.2),216500.0,2025-10-14,Achizitie directa,RALEX PROIECT CONSTRUCT,29101593,1
achizitie-directa-2025-86792,Servicii de auditare financiara (Rev.2),30000.0,2025-10-14,Achizitie directa,GHE STUBEANU 2000 SRL,12780287,1
achizitie-directa-2025-89380,Servicii de reparare si de intretinere a automobilelor (Rev.2),2278.65,2025-10-14,Achizitie directa,GI EUROSERVICE,19166285,1
achizitie-directa-2025-96828,"Ferestre, usi si articole conexe (Rev.2)",10230.0,2025-10-15,Achizitie directa,ADLO PROCARS SRL,29496361,1
achizitie-directa-2025-98012,Servicii de asistenta tehnica (Rev.2),10000.0,2025-10-15,Achizitie directa,LEGAL ASSISTANCE,21293787,1
achizitie-directa-2025-102034,Servicii de intretinere a automobilelor (Rev.2),1223.18,2025-10-16,Achizitie directa,AUTO MARCU'S GRUP SA,86,1
achizitie-directa-2025-102050,Servicii de intretinere a automobilelor (Rev.2),1222.72,2025-10-16,Achizitie directa,AUTO MARCU'S GRUP SA,86,1
achizitie-directa-2025-106965,Imprimate la comanda (Rev.2),747.0,2025-10-16,Achizitie directa,BIROTICIENII S.R.L.,33911008,1
achizitie-directa-2025-108035,Cartuse de toner (Rev.2),1579.2,2025-10-17,Achizitie directa,FANPLACE iT SRL,31962960,1
achizitie-directa-2025-116448,Servicii de consultanta privind gestionarea proiectelor (Rev.2),150000.0,2025-10-20,Achizitie directa,FINANCE PUBLIC CONSULTING,47236831,1
achizitie-directa-2025-116577,Servicii de auditare financiara (Rev.2),30000.0,2025-10-20,Achizitie directa,GHE STUBEANU 2000 SRL,12780287,1
achizitie-directa-2025-120775,Servicii de campanii de publicitate (Rev.2),60000.0,2025-10-20,Achizitie directa,INDOOR MEDIA GROUP,18436062,1
achizitie-directa-2025-128613,Servicii de brokeraj de asigurari (Rev.2),3983.89,2025-10-21,Achizitie directa,ZBK BALKAN S.A. BULGARIA SUCURSALA ROMANIA,35779982,1
achizitie-directa-2025-130839,Indicatoare rutiere (Rev.2),88885.0,2025-10-21,Achizitie directa,GEROM INTERNATIONAL PRODIMEX S.R.L.,4695288,1
achizitie-directa-2025-131068,Lichide pentru uz hidraulic (Rev.2),3123.5,2025-10-21,Achizitie directa,WURTH ROMANIA S.R.L.,5175127,1
achizitie-directa-2025-141531,Lucrari de constructii de conducte de alimentare cu gaz (Rev.2),21172.0,2025-10-22,Achizitie directa,TEHNOSERVICE ACTIV INSTAL,37006983,1
achizitie-directa-2025-148114,Produse antigel (Rev.2),759.2,2025-10-23,Achizitie directa,TURBOTOP,22627540,1
achizitie-directa-2025-153608,Produse de curatenie (Rev.2),4117.0,2025-10-24,Achizitie directa,KSA ROAD SERVICES,35253022,1
achizitie-directa-2025-159349,Pneuri pentru autovehicule (Rev.2),2500.0,2025-10-27,Achizitie directa,KSA ROAD SERVICES,35253022,1
achizitie-directa-2025-161218,Servicii de proiectare tehnica pentru constructia de lucrari publice (Rev.2),252500.0,2025-10-27,Achizitie directa,GPK INFRASTRUCTURE DESIGN,40092259,1
achizitie-directa-2025-162579,"Servicii de reparare a pneurilor, inclusiv montare si echilibrare (Rev.2)",1650.0,2025-10-27,Achizitie directa,LUKA NIKAT UTILAJE,36689322,1
achizitie-directa-2025-177252,Servicii de brokeraj de asigurari (Rev.2),3563.12,2025-10-29,Achizitie directa,ZBK BALKAN S.A. BULGARIA SUCURSALA ROMANIA,35779982,1
achizitie-directa-2025-177634,Module solare fotovoltaice (Rev.2),13590.0,2025-10-29,Achizitie directa,PAN-NET,18675647,1
achizitie-directa-2025-186560,Servicii de reparare si de intretinere a echipamentului de stingere a incendiilo,5585.0,2025-10-30,Achizitie directa,PROTECT FIRE CONSULTING,31145826,1
achizitie-directa-2025-189397,Servicii de campanii de publicitate (Rev.2),30000.0,2025-10-31,Achizitie directa,INDOOR MEDIA GROUP,18436062,1
achizitie-directa-2025-190829,Aditivi chimici (Rev.2),507.0,2025-10-31,Achizitie directa,TURBOTOP,22627540,1
achizitie-directa-2025-203111,"Studii de fezabilitate, servicii de consultanta, analize (Rev.2)",125000.0,2025-11-03,Achizitie directa,KOMORA ENGINEERING S.R.L.,32815436,1
achizitie-directa-2025-210774,Ornamente (Rev.2),164700.0,2025-11-04,Achizitie directa,SAMTEC MONDO TECHNOLOGY INDUSTRY S.R.L.,49195789,1
achizitie-directa-2025-239349,Monitoare (Rev.2),801.64,2025-11-07,Achizitie directa,FANPLACE iT SRL,31962960,1
achizitie-directa-2025-243238,Computer de birou (Rev.2),2512.4,2025-11-07,Achizitie directa,PROBITZ,13434567,1
achizitie-directa-2025-243281,Cartuse de toner (Rev.2),1568.83,2025-11-07,Achizitie directa,SCHWARZ GRUPPE INT,31055634,1
achizitie-directa-2025-245077,Servicii de certificare a semnaturii electronice (Rev.2),650.0,2025-11-07,Achizitie directa,CENTRUL DE CALCUL,2163993,1
achizitie-directa-2025-245511,"Pregatire de proiecte si proiectare, estimare a costurilor (Rev.2)",246000.0,2025-11-07,Achizitie directa,MIRON COM,5537626,1
achizitie-directa-2025-261331,Sistem de contabilitate (Rev.2),70000.0,2025-11-11,Achizitie directa,SOCIETATEA NATIONALA DE INFORMATICA,1556587,1
achizitie-directa-2025-267214,Supraveghere a lucrarilor de constructii (Rev.2),198000.0,2025-11-11,Achizitie directa,HENTZA CONSULTING,49783681,1
achizitie-directa-2025-267271,Supraveghere a lucrarilor de constructii (Rev.2),49000.0,2025-11-11,Achizitie directa,HENTZA PROPERTIES,49514381,1
achizitie-directa-2025-272443,Unitati de hard disk (Rev.2),511.66,2025-11-12,Achizitie directa,ROSERVOTECH,15857245,1
achizitie-directa-2025-273581,Servicii de brokeraj de asigurari (Rev.2),1667.8,2025-11-12,Achizitie directa,ZBK BALKAN S.A. BULGARIA SUCURSALA ROMANIA,35779982,1
achizitie-directa-2025-277963,Servicii de intretinere a automobilelor (Rev.2),2451.51,2025-11-12,Achizitie directa,AUTO MARCU'S GRUP SA,86,1
achizitie-directa-2025-278690,Uleiuri pentru motoare (Rev.2),259.5,2025-11-12,Achizitie directa,TURBOTOP,22627540,1
achizitie-directa-2025-279339,Servicii de consultanta in protectia contra riscurilor si in controlul riscurilo,8500.0,2025-11-12,Achizitie directa,FOCUS RISK S.R.L.,42708003,1
achizitie-directa-2025-283211,Servicii de proiectare a sistemelor de energie electrica (Rev.2),270000.0,2025-11-13,Achizitie directa,GREEN DEVELOPMENT SOLUTIONS AND MANAGEMENT S.R.L.,28072147,1
achizitie-directa-2025-302080,Servicii de proiectare arhitecturala (Rev.2),270000.0,2025-11-17,Achizitie directa,PANORAMIC CONCEPT CONS,37655409,1
achizitie-directa-2025-305372,Cabine (Rev.2),17500.0,2025-11-17,Achizitie directa,GENERAL UTIL CONS,34772064,1
achizitie-directa-2025-305970,Produse de curatat pentru automobile (Rev.2),750.0,2025-11-17,Achizitie directa,KSA ROAD SERVICES,35253022,1
achizitie-directa-2025-308125,Pneuri pentru autovehicule (Rev.2),3260.0,2025-11-17,Achizitie directa,KSA ROAD SERVICES,35253022,1
achizitie-directa-2025-322421,Dispozitiv de distrugere a documentelor (Rev.2),322.61,2025-11-19,Achizitie directa,DANTE INTERNATIONAL S.A.,14399840,1
achizitie-directa-2025-327460,Sisteme si dispozitive de supraveghere si de securitate (Rev.2),34355.37,2025-11-19,Achizitie directa,OPTIC HOUSE TRANSILVANIA,37951668,1
achizitie-directa-2025-327998,Servicii de reparare si de intretinere a automobilelor (Rev.2),6060.77,2025-11-19,Achizitie directa,TIRIAC AUTO S.R.L.,11331727,1
achizitie-directa-2025-330947,Servicii de reparare si de intretinere a grupurilor de refrigerare (Rev.2),1225.0,2025-11-19,Achizitie directa,CLIMTEH S.R.L.,7742,1
achizitie-directa-2025-332308,Pachete software de proiectare asistata de calculator (CAD) (Rev.2),4957.0,2025-11-19,Achizitie directa,NOICONSTRUIM.RO,16230359,1
achizitie-directa-2025-332784,Servicii de reparare si intretinere (Rev.2),720.0,2025-11-20,Achizitie directa,GDM Repair,47094311,1
achizitie-directa-2025-334204,Servicii de intretinere a automobilelor (Rev.2),3866.9700000000003,2025-11-20,Achizitie directa,AUTO MARCU'S GRUP SA,86,1
achizitie-directa-2025-335880,Produse de curatenie (Rev.2),4476.0,2025-11-20,Achizitie directa,KSA ROAD SERVICES,35253022,1
achizitie-directa-2025-338767,Servicii de reparare si de intretinere a autovehiculelor si a echipamentelor con,800.0,2025-11-20,Achizitie directa,KSA ROAD SERVICES,35253022,1
achizitie-directa-2025-339083,Uleiuri pentru motoare (Rev.2),1038.0,2025-11-20,Achizitie directa,TURBOTOP,22627540,1
achizitie-directa-2025-343387,Piese si accesorii pentru fotocopiatoare (Rev.2),859.0,2025-11-21,Achizitie directa,Modserv Impex,17258404,1
achizitie-directa-2025-349181,Lucrari de montaj (Rev.2),26496.0,2025-11-21,Achizitie directa,NICOLAS CONSTRUCT,24651529,1
achizitie-directa-2025-377611,Pneuri pentru autovehicule (Rev.2),1103.29,2025-11-26,Achizitie directa,TIRES AND PARTS,35056829,1
achizitie-directa-2025-393653,Extinctoare (Rev.2),1043.0,2025-11-27,Achizitie directa,GIMAR STINGSERV,15175418,1
achizitie-directa-2025-411757,Servicii de reparare si de intretinere a automobilelor (Rev.2),1077.23,2025-12-02,Achizitie directa,GI EUROSERVICE,19166285,1
achizitie-directa-2025-420929,Inchiriere de vehicule industriale cu sofer (Rev.2),63008.0,2025-12-02,Achizitie directa,NIPLICAD,26281970,1
achizitie-directa-2025-420997,Inchiriere de vehicule industriale cu sofer (Rev.2),63520.0,2025-12-02,Achizitie directa,Green Space Art,34596758,1
achizitie-directa-2025-422686,Pneuri pentru autovehicule (Rev.2),3900.0,2025-12-03,Achizitie directa,KSA ROAD SERVICES,35253022,1
achizitie-directa-2025-425512,Servicii de asistenta si de consultanta informatica (Rev.2),6042.1,2025-12-03,Achizitie directa,INTEGRISOFT SOLUTIONS,12448483,1
achizitie-directa-2025-426249,Servicii de brokeraj de asigurari (Rev.2),6711.82,2025-12-03,Achizitie directa,ZBK BALKAN S.A. BULGARIA SUCURSALA ROMANIA,35779982,1
achizitie-directa-2025-431623,Sisteme de navigare si de pozitionare globala (GPS sau echivalente) (Rev.2),3188.16,2025-12-03,Achizitie directa,ETA  AUTOMATIZARI INDUSTRIALE  S.R.L,6825562,1
achizitie-directa-2025-433808,Servicii de proiectare a conductelor (Rev.2),75000.0,2025-12-03,Achizitie directa,TOTAL WATER DESIGN,36751076,1
achizitie-directa-2025-433949,Servicii de inspectie si testare tehnica (Rev.2),14300.0,2025-12-03,Achizitie directa,TEHNOSERVICE ACTIV INSTAL,37006983,1
achizitie-directa-2025-437552,Racorduri (Rev.2),1773.5,2025-12-04,Achizitie directa,WINTER COM S.R.L.,7702347,1
achizitie-directa-2025-438971,Servicii de proiectare tehnica pentru infrastructura de transport (Rev.2),265000.0,2025-12-04,Achizitie directa,RALEX PROIECT CONSTRUCT,29101593,1
achizitie-directa-2025-445048,Servicii de certificare a semnaturii electronice (Rev.2),3175.0,2025-12-04,Achizitie directa,CENTRUL DE CALCUL,2163993,1
achizitie-directa-2025-454629,Felicitari (Rev.2),13300.0,2025-12-05,Achizitie directa,INDOOR MEDIA GROUP,18436062,1
achizitie-directa-2025-461546,Servicii de elaborare de studii (Rev.2),30000.0,2025-12-08,Achizitie directa,RHEEA CONSTRUCTION S.R.L.,47379122,1
achizitie-directa-2025-462176,Uleiuri pentru motoare (Rev.2),770.1,2025-12-08,Achizitie directa,TURBOTOP,22627540,1
achizitie-directa-2025-463280,Furtunuri (Rev.2),5416.34,2025-12-08,Achizitie directa,APR INOVAFLEX,37215327,1
achizitie-directa-2025-474799,Cartuse de toner (Rev.2),1813.89,2025-12-09,Achizitie directa,FANPLACE iT SRL,31962960,1
achizitie-directa-2025-484219,Dulciuri (Rev.2),8442.0,2025-12-09,Achizitie directa,SELGROS CASH&CARRY SRL,11805367,1
achizitie-directa-2025-484277,Servicii de reparare si de intretinere a vehiculelor si a echipamentelor aferent,3555.25,2025-12-09,Achizitie directa,TITAN MACHINERY ROMANIA,29352595,1
achizitie-directa-2025-485064,Servicii artistice (Rev.2),6000.0,2025-12-10,Achizitie directa,NEWLINE MUSIC S.R.L.,18470480,1
achizitie-directa-2025-492313,Servicii de brokeraj de asigurari (Rev.2),12315.25,2025-12-10,Achizitie directa,ZBK BALKAN S.A. BULGARIA SUCURSALA ROMANIA,35779982,1
achizitie-directa-2025-510151,Diverse produse alimentare (Rev.2),589.3100000000001,2025-12-11,Achizitie directa,SELGROS CASH&CARRY SRL,11805367,1
achizitie-directa-2025-511019,Aditivi chimici (Rev.2),845.0,2025-12-11,Achizitie directa,TURBOTOP,22627540,1
achizitie-directa-2025-513300,Servicii pentru evenimente (Rev.2),600.0,2025-12-12,Achizitie directa,HAHAHA SRL,38846954,1
achizitie-directa-2025-528215,Servicii de certificare a semnaturii electronice (Rev.2),2345.0,2025-12-15,Achizitie directa,CENTRUL DE CALCUL,2163993,1
achizitie-directa-2025-542102,Diverse articole (Rev.2),3419.77,2025-12-16,Achizitie directa,DEDEMAN S.R.L.,2816464,1
achizitie-directa-2025-544559,Produse de curatenie (Rev.2),4098.0,2025-12-16,Achizitie directa,KSA ROAD SERVICES,35253022,1
achizitie-directa-2025-578634,Diverse servicii de dezvoltare de software si sisteme informatice (Rev.2),35000.0,2025-12-19,Achizitie directa,INTEGRISOFT SOLUTIONS,12448483,1
achizitie-directa-2025-586755,Servicii de conceptie tehnica (Rev.2),155000.0,2025-12-22,Achizitie directa,MASTER SOLUTIONS TEAM,32099000,1
achizitie-directa-2025-595269,Acumulatori electrici (Rev.2),4186.76,2025-12-24,Achizitie directa,FANPLACE iT SRL,31962960,1
achizitie-directa-2025-596211,Uleiuri pentru motoare (Rev.2),105.33,2025-12-29,Achizitie directa,TURBOTOP,22627540,1
achizitie-directa-2025-597378,Pneuri pentru autovehicule (Rev.2),2880.0,2025-12-29,Achizitie directa,KSA ROAD SERVICES,35253022,1
achizitie-directa-2025-597389,Servicii de reparare si de intretinere a autovehiculelor si a echipamentelor con,3640.0,2025-12-29,Achizitie directa,KSA ROAD SERVICES,35253022,1
contract-2025-113859,Amenajare si intretinere de spatii verzi (Rev.2),4615582.0,2025-12-11,Licitatie deschisa,DAV  GARDEN & SERVICE,RO 28167751,2
achizitie-directa-2026-17785,Servicii de promovare (Rev.2),132000.0,2026-01-12,Achizitie directa,INDOOR MEDIA GROUP,18436062,1
achizitie-directa-2026-20053,Publicatii periodice (Rev.2),72000.0,2026-01-12,Achizitie directa,ASOCIATIA CENTRUL ROMAN PENTRU INITIATIVA SOCIALA,26181156,1
achizitie-directa-2026-20824,Servicii de intretinere a ascensoarelor (Rev.2),39044.0,2026-01-13,Achizitie directa,OTIS LIFT S.R.L.,7782044,1
achizitie-directa-2026-23237,Servicii de reparare si de intretinere a automobilelor (Rev.2),2336.36,2026-01-13,Achizitie directa,GI EUROSERVICE,19166285,1
achizitie-directa-2026-24875,Senzori (Rev.2),4494.7,2026-01-13,Achizitie directa,TURBOTOP,22627540,1
achizitie-directa-2026-43829,Servicii de monitorizare a sistemelor de alarma (Rev.2),2880.0,2026-01-16,Achizitie directa,SSG SELECT SOLUTIONS,36563420,1
achizitie-directa-2026-55866,Servicii de ajutor pentru utilizatori (Rev.2),212000.0,2026-01-20,Achizitie directa,SOCIETATEA NATIONALA DE INFORMATICA,1556587,1
achizitie-directa-2026-61121,Servicii de reparare si de intretinere a vehiculelor si a echipamentelor aferent,392.47,2026-01-20,Achizitie directa,TITAN MACHINERY ROMANIA,29352595,1
achizitie-directa-2026-72894,Imprimante laser (Rev.2),13909.0,2026-01-22,Achizitie directa,ITG ONLINE,34198965,1
achizitie-directa-2026-81261,Reparare si intretinere a centralelor termice (Rev.2),6456.21,2026-01-23,Achizitie directa,CENTRAL SERVICE INSTAL,19222172,1
achizitie-directa-2026-81335,Acumulatori electrici (Rev.2),2878.0,2026-01-23,Achizitie directa,TEHNICAT SERVICE,48766364,1
achizitie-directa-2026-85471,Dispozitive de stocare cu memorie flash (Rev.2),278.6,2026-01-26,Achizitie directa,FANPLACE iT SRL,31962960,1
achizitie-directa-2026-87235,Scanere (Rev.2),1657.89,2026-01-26,Achizitie directa,FANPLACE iT SRL,31962960,1
achizitie-directa-2026-94095,Servicii legislative (Rev.2),8988.0,2026-01-27,Achizitie directa,WOLTERS KLUWER ROMANIA S.R.L.,8451308,1
achizitie-directa-2026-94608,Servicii de intretinere a automobilelor (Rev.2),2124.27,2026-01-27,Achizitie directa,AUTO MARCU'S GRUP SA,86,1
achizitie-directa-2026-98904,"Ziare, reviste specializate, periodice si reviste (Rev.2)",24000.0,2026-01-27,Achizitie directa,WORLD GLOBAL MEDIA S.R.L.,44412011,1
achizitie-directa-2026-100682,Servicii de curatare a cuptoarelor si a semineelor (Rev.2),4900.0,2026-01-27,Achizitie directa,SC HEAT INSTAL SRL,23862510,1
achizitie-directa-2026-100767,Servicii de reparare si de intretinere a echipamentului de distributie electrica,1400.0,2026-01-27,Achizitie directa,SC HEAT INSTAL SRL,23862510,1
achizitie-directa-2026-102028,Scaune cu rotile (Rev.2),12148.65,2026-01-28,Achizitie directa,FANPLACE iT SRL,31962960,1
achizitie-directa-2026-103589,Servicii de intretinere a automobilelor (Rev.2),624.8000000000001,2026-01-28,Achizitie directa,AUTO MARCU'S GRUP SA,86,1
achizitie-directa-2026-107378,Servicii de estimare (Rev.2),115000.0,2026-01-28,Achizitie directa,SC FOCUS COMPANY CONSULTING CCN SRL,26057280,1
achizitie-directa-2026-107413,Servicii postale (Rev.2),150000.0,2026-01-28,Achizitie directa,COMPANIA NATIONALA POSTA ROMANA S.A.,427410,1
achizitie-directa-2026-119204,Publicatii periodice (Rev.2),70000.0,2026-01-30,Achizitie directa,Semnal.EU,51649500,1
achizitie-directa-2026-126162,Sticla izolanta (Rev.2),1350.0,2026-02-02,Achizitie directa,HIDROCONSTRUCT SUD,37154246,1
achizitie-directa-2026-127921,Servicii de intretinere a automobilelor (Rev.2),719.54,2026-02-02,Achizitie directa,AUTO MARCU'S GRUP SA,86,1
achizitie-directa-2026-132696,Servicii de fotografie si servicii conexe (Rev.2),66000.0,2026-02-02,Achizitie directa,ILIE GEORGIAN PERSOANĂ FIZICĂ AUTORIZATĂ,30277713,1
achizitie-directa-2026-138891,Imprimante laser (Rev.2),1238.84,2026-02-03,Achizitie directa,MEDA CONSULT,15730038,1
achizitie-directa-2026-154664,Servicii de furnizare de date (Rev.2),5390.0,2026-02-05,Achizitie directa,COMPANY DATA SRL,24782214,1
achizitie-directa-2026-163730,Servicii tipografice si servicii conexe (Rev.2),25400.0,2026-02-06,Achizitie directa,BLITZ PRINT,15757246,1
achizitie-directa-2026-166563,Servicii de proiectare tehnica pentru constructia de lucrari publice (Rev.2),270000.0,2026-02-06,Achizitie directa,MASTER SOLUTIONS TEAM,32099000,1
achizitie-directa-2026-176143,Servicii de inspectie si testare tehnica (Rev.2),55908.0,2026-02-09,Achizitie directa,SC HEAT INSTAL SRL,23862510,1
achizitie-directa-2026-177433,Servicii de proiectare a conductelor (Rev.2),17000.0,2026-02-10,Achizitie directa,GPT PIPE PLAN,40012187,1
achizitie-directa-2026-177449,Servicii de proiectare a conductelor (Rev.2),13000.0,2026-02-10,Achizitie directa,GPT PIPE PLAN,40012187,1
achizitie-directa-2026-177486,Servicii de proiectare a conductelor (Rev.2),13000.0,2026-02-10,Achizitie directa,GPT PIPE PLAN,40012187,1
achizitie-directa-2026-177510,Servicii de inspectie si testare tehnica (Rev.2),420.0,2026-02-10,Achizitie directa,CARDEEMS,31074679,1
achizitie-directa-2026-181330,Produse informative si de promovare (Rev.2),4130.0,2026-02-10,Achizitie directa,ALPHA SHOT SRL,33933162,1
achizitie-directa-2026-185650,Cabluri de conectare (Rev.2),49.230000000000004,2026-02-11,Achizitie directa,ROSERVOTECH,15857245,1
achizitie-directa-2026-197259,Servicii de consultanta in domeniul achizitiilor (Rev.2),91000.0,2026-02-12,Achizitie directa,PERCONS EU,25535239,1
achizitie-directa-2026-197510,Servicii de consultanta in domeniul securitatii (Rev.2),95040.0,2026-02-12,Achizitie directa,SSM FIRE CONSULTING,25336694,1
achizitie-directa-2026-203198,Servicii de consultanta in domeniul achizitiilor (Rev.2),100000.0,2026-02-13,Achizitie directa,PERCONS EU,25535239,1
achizitie-directa-2026-203922,Piese si accesorii pentru vehicule si pentru motoare de vehicule (Rev.2),1865.0,2026-02-13,Achizitie directa,TURBOTOP,22627540,1
achizitie-directa-2026-208231,"Bibliorafturi, mape de corespondenta, clasoare si articole similare (Rev.2)",4380.0,2026-02-16,Achizitie directa,PROF PRINT,30153510,1
achizitie-directa-2026-255020,Servicii de consultanta in domeniul achizitiilor (Rev.2),90000.0,2026-02-24,Achizitie directa,PERCONS EU,25535239,1
achizitie-directa-2026-262473,Produse de curatat pentru automobile (Rev.2),1125.0,2026-02-25,Achizitie directa,KSA ROAD SERVICES,35253022,1
achizitie-directa-2026-262512,Produse de curatenie (Rev.2),3580.0,2026-02-25,Achizitie directa,KSA ROAD SERVICES,35253022,1
achizitie-directa-2026-268813,Telefoane cu fax (Rev.2),359.14,2026-02-26,Achizitie directa,FANPLACE iT SRL,31962960,1
achizitie-directa-2026-272564,Servicii de reparare si de intretinere a echipamentului de securitate (Rev.2),70200.0,2026-02-26,Achizitie directa,Quick Service,4998931,1
achizitie-directa-2026-278679,Servicii de elaborare de studii (Rev.2),200000.0,2026-02-27,Achizitie directa,PANORAMIC CONCEPT CONS,37655409,1
achizitie-directa-2026-282383,Servicii de evacuare a apelor reziduale (Rev.2),300.0,2026-02-27,Achizitie directa,Eco Public,19123039,1
achizitie-directa-2026-297132,Servicii de brokeraj de asigurari (Rev.2),6300.110000000001,2026-03-03,Achizitie directa,ZBK BALKAN S.A. BULGARIA SUCURSALA ROMANIA,35779982,1
achizitie-directa-2026-299822,Piatra de cariera si concasata (Rev.2),268800.0,2026-03-03,Achizitie directa,GEMCO TRADE,31335227,1
achizitie-directa-2026-300756,Pneuri pentru autovehicule (Rev.2),3350.0,2026-03-03,Achizitie directa,KSA ROAD SERVICES,35253022,1
achizitie-directa-2026-315250,Alte materiale de constructii diverse (Rev.2),189000.0,2026-03-05,Achizitie directa,GENERAL UTIL CONS,34772064,1
achizitie-directa-2026-315811,Diverse articole (Rev.2),628.28,2026-03-05,Achizitie directa,DEDEMAN S.R.L.,2816464,1
achizitie-directa-2026-331957,Piese pentru utilaje de exploatare miniera si in cariera si piese pentru masini ,1524.0,2026-03-09,Achizitie directa,AROX EQUIPMENT SRL,23646540,1
achizitie-directa-2026-337092,Servicii de cadastru (Rev.2),270000.0,2026-03-10,Achizitie directa,Constopograf Expert,25145252,1
achizitie-directa-2026-339572,Filtre de benzina (Rev.2),1233.05,2026-03-10,Achizitie directa,TURBOTOP,22627540,1
achizitie-directa-2026-339662,Servicii de reparare si intretinere (Rev.2),3050.0,2026-03-10,Achizitie directa,GDM Repair,47094311,1
achizitie-directa-2026-344952,Diverse echipamente de protectie impotriva incendiilor (Rev.2),15172.0,2026-03-10,Achizitie directa,SARMIS COLUMNA FIRE,34748449,1
achizitie-directa-2026-345061,Servicii de proiectare specializata (Rev.2),15000.0,2026-03-10,Achizitie directa,SC EXPERT DESIGN CONSULTING SRL,28034690,1
achizitie-directa-2026-355882,Servicii de topografie (Rev.2),270000.0,2026-03-12,Achizitie directa,Constopograf Expert,25145252,1
achizitie-directa-2026-364805,Servicii de gestionare informatica (Rev.2),72000.0,2026-03-13,Achizitie directa,EUROHOSTING,18545256,1
achizitie-directa-2026-364929,Felicitari (Rev.2),13300.0,2026-03-13,Achizitie directa,INDOOR MEDIA GROUP,18436062,1
achizitie-directa-2026-367309,Echipament de incalzire centrala (Rev.2),53600.0,2026-03-13,Achizitie directa,A-Z INSTAL GAZ,33311747,1
achizitie-directa-2026-375688,Servicii de proiectare tehnica pentru infrastructura de transport (Rev.2),20000.0,2026-03-16,Achizitie directa,RALEX PROIECT CONSTRUCT,29101593,1
achizitie-directa-2026-381657,Servicii de intretinere a automobilelor (Rev.2),2426.63,2026-03-17,Achizitie directa,AUTO MARCU'S GRUP SA,86,1
achizitie-directa-2026-384386,Servicii de arpentaj cadastral (Rev.2),270000.0,2026-03-17,Achizitie directa,Constopograf Expert,25145252,1
achizitie-directa-2026-393692,Produse de curatenie (Rev.2),4005.0,2026-03-18,Achizitie directa,KSA ROAD SERVICES,35253022,1
achizitie-directa-2026-397609,Servicii de curatare a canalelor de ape reziduale (Rev.2),268800.0,2026-03-19,Achizitie directa,BETIRA CONSTRUCT,30520358,1
achizitie-directa-2026-400123,Diverse servicii de intretinere si de reparare (Rev.2),9694.5,2026-03-19,Achizitie directa,SUBANSAMBLE AUTO S.A.,9938485,1
achizitie-directa-2026-404065,Lucrari de reparare a drumurilor (Rev.2),880411.88,2026-03-19,Achizitie directa,MIDAS ROAD S.R.L.,47338351,1
achizitie-directa-2026-407973,Lucrari de reparare a spatiilor de recreere (Rev.2),15039.0,2026-03-20,Achizitie directa,NICOLAS CONSTRUCT,24651529,1
achizitie-directa-2026-411480,Servicii de brokeraj de asigurari (Rev.2),432.0,2026-03-20,Achizitie directa,ZBK BALKAN S.A. BULGARIA SUCURSALA ROMANIA,35779982,1
achizitie-directa-2026-414904,Cartuse de toner (Rev.2),2302.08,2026-03-23,Achizitie directa,ROMSYSTEMS,15437993,1
achizitie-directa-2026-416725,Servicii de inspectie si testare tehnica (Rev.2),210.0,2026-03-23,Achizitie directa,CARDEEMS,31074679,1
achizitie-directa-2026-428883,Piese si accesorii pentru fotocopiatoare (Rev.2),633.0,2026-03-24,Achizitie directa,SMART CHOICE S.R.L.,17491492,1
achizitie-directa-2026-434178,Studiu de fezabilitate (Rev.2),269000.0,2026-03-25,Achizitie directa,RALEX PROIECT CONSTRUCT,29101593,1
achizitie-directa-2026-436868,Servicii de certificare a semnaturii electronice (Rev.2),12880.0,2026-03-25,Achizitie directa,CENTRUL DE CALCUL,2163993,1
achizitie-directa-2026-438121,Servicii de telecomunicatii (Rev.2),69120.0,2026-03-25,Achizitie directa,PAN-NET,18675647,1
achizitie-directa-2026-438191,Acumulatori electrici (Rev.2),600.0,2026-03-25,Achizitie directa,KSA ROAD SERVICES,35253022,1
achizitie-directa-2026-446978,Servicii de proiectare tehnica pentru infrastructura de transport (Rev.2),25000.0,2026-03-26,Achizitie directa,RHEEA CONSTRUCTION S.R.L.,47379122,1
achizitie-directa-2026-464726,Servicii de reparare si de intretinere a autovehiculelor si a echipamentelor con,920.0,2026-03-30,Achizitie directa,KSA ROAD SERVICES,35253022,1
contract-2026-3957,Lucrari de reparatii generale si de renovare (Rev.2),12671650.0,2025-12-03,Procedura simplificata,CRIA GENERAL CONSTRUCT,41011023,1
contract-2026-3958,Lucrari de reparatii generale si de renovare (Rev.2),12671650.0,2025-12-03,Procedura simplificata,DORBASTI CONSTRUCT SRL,37920815,1
contract-2026-3959,Lucrari de reparatii generale si de renovare (Rev.2),12671650.0,2025-12-03,Procedura simplificata,GRI CONSTRUCT ACM S.R.L.,41497242,1
contract-2026-80115,Vehicule electrice (Rev.2),2656673.0,2026-02-04,Licitatie deschisa,QUANTUM AUTO MAX,RO48590798,2
contract-2026-168284,Amenajare si intretinere de spatii verzi (Rev.2),4615582.0,2025-12-11,Licitatie deschisa,DAV  GARDEN & SERVICE,RO 28167751,2
contract-2026-168285,Amenajare si intretinere de spatii verzi (Rev.2),1153895.0,2026-02-27,Licitatie deschisa,DAV  GARDEN & SERVICE,RO 28167751,2
contract-2026-181041,Servicii de curatenie (Rev.2),14580025.0,2024-12-03,Licitatie deschisa,BEPA CONSTRUCTII CIVILE,ro 27019056,2
contract-2026-181042,Servicii de curatenie (Rev.2),3336165.0,2024-12-03,Licitatie deschisa,BEPA CONSTRUCTII CIVILE,ro 27019056,2
contract-2026-181043,Servicii de curatenie (Rev.2),3645006.0,2026-02-26,Licitatie deschisa,BEPA CONSTRUCTII CIVILE,ro 27019056,2
